{
  "feature_cols": [
    "slot_frac",
    "temp_c",
    "running_max",
    "pct_of_running_max",
    "delta_30m",
    "delta_1h",
    "accel",
    "temp_lag_1",
    "temp_lag_3",
    "roll3_mean",
    "roll3_std",
    "morning_max",
    "temp_above_morning_max",
    "prev_7d_avg_max",
    "seasonal_peak_prior"
  ],
  "global_auc": 0.6738,
  "resolution": "30min_ceiling",
  "seasonal_peak_prior": {
    "1_6_0": 0.08656330749354005,
    "1_6_30": 0.10077519379844961,
    "1_7_0": 0.10465116279069768,
    "1_7_30": 0.11498708010335917,
    "1_8_0": 0.1227390180878553,
    "1_8_30": 0.12661498708010335,
    "1_9_0": 0.12919896640826872,
    "1_9_30": 0.13695090439276486,
    "1_10_0": 0.14857881136950904,
    "1_10_30": 0.16925064599483206,
    "1_11_0": 0.20671834625322996,
    "1_11_30": 0.25452196382428943,
    "1_12_0": 0.3165374677002584,
    "1_12_30": 0.4005167958656331,
    "1_13_0": 0.4896640826873385,
    "1_13_30": 0.582687338501292,
    "1_14_0": 0.6989664082687338,
    "1_14_30": 0.7906976744186046,
    "1_15_0": 0.8785529715762274,
    "1_15_30": 0.9289405684754521,
    "1_16_0": 0.9392764857881137,
    "1_16_30": 0.9405684754521964,
    "1_17_0": 0.9457364341085271,
    "1_17_30": 0.9470284237726099,
    "1_18_0": 0.9534883720930233,
    "1_18_30": 0.9573643410852714,
    "1_19_0": 0.9612403100775194,
    "1_19_30": 0.9651162790697675,
    "1_20_0": 0.9741602067183462,
    "1_20_30": 0.9819121447028424,
    "1_21_0": 0.9896640826873385,
    "1_21_30": 1.0,
    "2_6_0": 0.051771117166212535,
    "2_6_30": 0.055858310626702996,
    "2_7_0": 0.05858310626702997,
    "2_7_30": 0.0653950953678474,
    "2_8_0": 0.0653950953678474,
    "2_8_30": 0.0667574931880109,
    "2_9_0": 0.06948228882833787,
    "2_9_30": 0.07356948228882834,
    "2_10_0": 0.08174386920980926,
    "2_10_30": 0.0994550408719346,
    "2_11_0": 0.11852861035422343,
    "2_11_30": 0.1539509536784741,
    "2_12_0": 0.2098092643051771,
    "2_12_30": 0.2847411444141689,
    "2_13_0": 0.3637602179836512,
    "2_13_30": 0.4659400544959128,
    "2_14_0": 0.5940054495912807,
    "2_14_30": 0.7070844686648501,
    "2_15_0": 0.832425068119891,
    "2_15_30": 0.9168937329700273,
    "2_16_0": 0.9604904632152589,
    "2_16_30": 0.9754768392370572,
    "2_17_0": 0.9809264305177112,
    "2_17_30": 0.9836512261580381,
    "2_18_0": 0.9863760217983651,
    "2_18_30": 0.9904632152588556,
    "2_19_0": 0.9904632152588556,
    "2_19_30": 0.9931880108991825,
    "2_20_0": 0.9945504087193461,
    "2_20_30": 0.9959128065395095,
    "2_21_0": 0.9986376021798365,
    "2_21_30": 1.0,
    "3_6_0": 0.017811704834605598,
    "3_6_30": 0.021628498727735368,
    "3_7_0": 0.021628498727735368,
    "3_7_30": 0.021628498727735368,
    "3_8_0": 0.022900763358778626,
    "3_8_30": 0.024173027989821884,
    "3_9_0": 0.02544529262086514,
    "3_9_30": 0.031806615776081425,
    "3_10_0": 0.044529262086514,
    "3_10_30": 0.05343511450381679,
    "3_11_0": 0.06870229007633588,
    "3_11_30": 0.09033078880407125,
    "3_12_0": 0.1361323155216285,
    "3_12_30": 0.17557251908396945,
    "3_13_0": 0.24427480916030533,
    "3_13_30": 0.3524173027989822,
    "3_14_0": 0.4580152671755725,
    "3_14_30": 0.5979643765903307,
    "3_15_0": 0.7175572519083969,
    "3_15_30": 0.8269720101781171,
    "3_16_0": 0.9185750636132316,
    "3_16_30": 0.9618320610687023,
    "3_17_0": 0.9847328244274809,
    "3_17_30": 0.9910941475826972,
    "3_18_0": 0.9936386768447837,
    "3_18_30": 0.9936386768447837,
    "3_19_0": 0.9961832061068703,
    "3_19_30": 0.9961832061068703,
    "3_20_0": 0.9974554707379135,
    "3_20_30": 0.9974554707379135,
    "3_21_0": 0.9987277353689568,
    "3_21_30": 1.0,
    "4_6_0": 0.014666666666666666,
    "4_6_30": 0.014666666666666666,
    "4_7_0": 0.014666666666666666,
    "4_7_30": 0.016,
    "4_8_0": 0.016,
    "4_8_30": 0.017333333333333333,
    "4_9_0": 0.02,
    "4_9_30": 0.024,
    "4_10_0": 0.032,
    "4_10_30": 0.03866666666666667,
    "4_11_0": 0.04933333333333333,
    "4_11_30": 0.06,
    "4_12_0": 0.072,
    "4_12_30": 0.09733333333333333,
    "4_13_0": 0.13066666666666665,
    "4_13_30": 0.16266666666666665,
    "4_14_0": 0.22933333333333333,
    "4_14_30": 0.324,
    "4_15_0": 0.4493333333333333,
    "4_15_30": 0.5813333333333334,
    "4_16_0": 0.7213333333333334,
    "4_16_30": 0.832,
    "4_17_0": 0.9106666666666666,
    "4_17_30": 0.9626666666666667,
    "4_18_0": 0.9853333333333333,
    "4_18_30": 0.996,
    "4_19_0": 0.996,
    "4_19_30": 0.9973333333333333,
    "4_20_0": 0.9973333333333333,
    "4_20_30": 1.0,
    "4_21_0": 1.0,
    "4_21_30": 1.0,
    "5_6_0": 0.011612903225806452,
    "5_6_30": 0.011612903225806452,
    "5_7_0": 0.011612903225806452,
    "5_7_30": 0.011612903225806452,
    "5_8_0": 0.014193548387096775,
    "5_8_30": 0.01806451612903226,
    "5_9_0": 0.02193548387096774,
    "5_9_30": 0.025806451612903226,
    "5_10_0": 0.03483870967741935,
    "5_10_30": 0.04516129032258064,
    "5_11_0": 0.05806451612903226,
    "5_11_30": 0.07354838709677419,
    "5_12_0": 0.09161290322580645,
    "5_12_30": 0.11225806451612903,
    "5_13_0": 0.14193548387096774,
    "5_13_30": 0.17290322580645162,
    "5_14_0": 0.24387096774193548,
    "5_14_30": 0.3303225806451613,
    "5_15_0": 0.4309677419354839,
    "5_15_30": 0.5638709677419355,
    "5_16_0": 0.6864516129032258,
    "5_16_30": 0.8,
    "5_17_0": 0.8787096774193548,
    "5_17_30": 0.9483870967741935,
    "5_18_0": 0.9780645161290322,
    "5_18_30": 0.9948387096774194,
    "5_19_0": 0.9974193548387097,
    "5_19_30": 0.9987096774193548,
    "5_20_0": 0.9987096774193548,
    "5_20_30": 0.9987096774193548,
    "5_21_0": 1.0,
    "5_21_30": 1.0,
    "6_6_0": 0.004,
    "6_6_30": 0.005333333333333333,
    "6_7_0": 0.006666666666666667,
    "6_7_30": 0.006666666666666667,
    "6_8_0": 0.006666666666666667,
    "6_8_30": 0.008,
    "6_9_0": 0.013333333333333334,
    "6_9_30": 0.014666666666666666,
    "6_10_0": 0.018666666666666668,
    "6_10_30": 0.02266666666666667,
    "6_11_0": 0.029333333333333333,
    "6_11_30": 0.04533333333333334,
    "6_12_0": 0.06133333333333333,
    "6_12_30": 0.08666666666666667,
    "6_13_0": 0.11733333333333333,
    "6_13_30": 0.14533333333333334,
    "6_14_0": 0.20133333333333334,
    "6_14_30": 0.28,
    "6_15_0": 0.396,
    "6_15_30": 0.516,
    "6_16_0": 0.6626666666666666,
    "6_16_30": 0.7906666666666666,
    "6_17_0": 0.8866666666666667,
    "6_17_30": 0.9413333333333334,
    "6_18_0": 0.9693333333333334,
    "6_18_30": 0.9893333333333333,
    "6_19_0": 0.9973333333333333,
    "6_19_30": 1.0,
    "6_20_0": 1.0,
    "6_20_30": 1.0,
    "6_21_0": 1.0,
    "6_21_30": 1.0,
    "7_6_0": 0.0025806451612903226,
    "7_6_30": 0.0025806451612903226,
    "7_7_0": 0.0025806451612903226,
    "7_7_30": 0.005161290322580645,
    "7_8_0": 0.005161290322580645,
    "7_8_30": 0.0064516129032258064,
    "7_9_0": 0.01032258064516129,
    "7_9_30": 0.014193548387096775,
    "7_10_0": 0.01806451612903226,
    "7_10_30": 0.02838709677419355,
    "7_11_0": 0.03354838709677419,
    "7_11_30": 0.04129032258064516,
    "7_12_0": 0.0567741935483871,
    "7_12_30": 0.08516129032258064,
    "7_13_0": 0.10709677419354839,
    "7_13_30": 0.1703225806451613,
    "7_14_0": 0.21419354838709678,
    "7_14_30": 0.29419354838709677,
    "7_15_0": 0.3832258064516129,
    "7_15_30": 0.5070967741935484,
    "7_16_0": 0.6606451612903226,
    "7_16_30": 0.7870967741935484,
    "7_17_0": 0.8774193548387097,
    "7_17_30": 0.9329032258064516,
    "7_18_0": 0.9754838709677419,
    "7_18_30": 0.9922580645161291,
    "7_19_0": 0.9974193548387097,
    "7_19_30": 1.0,
    "7_20_0": 1.0,
    "7_20_30": 1.0,
    "7_21_0": 1.0,
    "7_21_30": 1.0,
    "8_6_0": 0.007741935483870968,
    "8_6_30": 0.007741935483870968,
    "8_7_0": 0.00903225806451613,
    "8_7_30": 0.00903225806451613,
    "8_8_0": 0.011612903225806452,
    "8_8_30": 0.012903225806451613,
    "8_9_0": 0.015483870967741935,
    "8_9_30": 0.016774193548387096,